id,x,y,z,label,size
Meghan Trainor,-0.2838995733929023,0.0421260122454453,-0.025057892364425138,Meghan Trainor,18
John Legend,-0.21586709100235624,0.023608441916951547,-0.09267481044449366,John Legend,3
Teddy Swims,-0.32713170080165704,0.04563794634824585,-0.028320191914137514,Teddy Swims,2
T-Pain,-0.34946139690042244,0.044450744062322356,0.00024179819443810184,T-Pain,1
j.bird,-0.34046970321868153,0.08214731878071263,-0.02944856720542173,j.bird,1
Forest Blakk,-0.3542646575798933,0.05920173104328996,-0.014434808454727138,Forest Blakk,1
Niecy Nash,-0.3453605877183512,0.06166067946466833,0.0031895602271568837,Niecy Nash,1
Paul Russell,-0.3563855461657087,0.05469758534117738,-0.030985908858225993,Paul Russell,1
Kelli Trainor,-0.3470691419710593,0.0751072837672383,-0.017161491239719988,Kelli Trainor,1
The Pussycat Dolls,-0.34835523290495785,0.06854712712704657,-0.042225927220664344,The Pussycat Dolls,1
LunchMoney Lewis,-0.3503965380828472,0.05199446356048878,-0.05076925341526023,LunchMoney Lewis,1
Nicki Minaj,-0.10713033523055893,0.06997384113941993,-0.03598637873765861,Nicki Minaj,32
Jason Derulo,-0.3550815697307006,0.03764136231101515,-0.01421314315973821,Jason Derulo,1
Sam Fischer,-0.35439540329087105,0.02889444012304445,-0.028201969831267795,Sam Fischer,1
Paris Hilton,-0.3538449290796668,0.037339865210847825,-0.04256190581628429,Paris Hilton,1
Shy Carter,-0.33854237291146794,0.0781618753637784,-0.002516232493274291,Shy Carter,1
Jonas Brothers,-0.03963917660228816,-0.2124349281710949,0.03789025596838858,Jonas Brothers,5
Marshmello,-0.06017855592379895,-0.11027549213303292,0.07149199889864415,Marshmello,3
Rascal Flatts,-0.03137704018191718,-0.28186826261218223,0.05656199548214339,Rascal Flatts,1
Bailey Zimmerman,-0.047145015932667594,-0.2807024640732197,0.06211212157371446,Bailey Zimmerman,1
TOMORROW X TOGETHER,-0.04234070238999539,-0.2848249658056514,0.04468554720540599,TOMORROW X TOGETHER,1
Miley Cyrus,-0.018135347888181667,-0.13808554021913916,-0.04217428728153715,Miley Cyrus,14
Noah Kahan,-0.296571585905719,-0.2519931411617584,-0.11633138722843625,Noah Kahan,4
Zach Bryan,-0.34647494162066445,-0.26182671045877426,-0.1576407772801764,Zach Bryan,1
Julia Michaels,-0.19538568091018968,-0.2229888353756832,-0.040873702673633,Julia Michaels,2
Wesley Schultz,-0.35213715739188406,-0.27027304414929665,-0.143738058488322,Wesley Schultz,1
Joy Oladokun,-0.3425719864430563,-0.2832498518933737,-0.14844753374787692,Joy Oladokun,1
Mimi Webb,0.21886570770179925,-0.3748322131435364,-1.0,Mimi Webb,0
Katy Perry,-0.12120864826534715,0.0601583178403681,0.04747101483736855,Katy Perry,12
Juicy J,-0.16153892030223163,0.07574075033211598,0.0754847165484446,Juicy J,2
Snoop Dogg,-0.03521693409528206,0.052832482633406334,0.0944480579521742,Snoop Dogg,4
Migos,-0.17787635794068785,0.09082617404474534,0.08789835625397012,Migos,1
Skip Marley,-0.18190475146833746,0.07581970581123235,0.0905233244016173,Skip Marley,1
Doechii,-0.15117893200170385,0.07007432066588366,0.07013617029899182,Doechii,3
Kanye West,-0.10219074403135676,0.03214083001906279,-0.011211361673472378,Kanye West,5
Kim Petras,-0.12490696332409694,0.027074836649745044,-0.06629340361875391,Kim Petras,2
All Artist Adella,-0.6135972941412485,-0.862111767697497,-0.37596764274836153,All Artist Adella,0
ROSÉ,-0.09448462479424462,0.17318587141747163,0.10674595519141146,ROSÉ,1
Bruno Mars,-0.06943848967822427,0.11387885489077977,0.06767196913430153,Bruno Mars,31
Sexyy Red,-0.08415147233179404,0.1008859226213859,-0.01838910994079885,Sexyy Red,6
Cardi B,-0.027236786250942002,0.09309400903517172,-0.051358246866298446,Cardi B,3
Gucci Mane,-0.07462345218232151,0.04655679815688527,0.03696317952360869,Gucci Mane,4
Kodak Black,-0.09981734213830734,0.09538664113769181,0.06990199188593,Kodak Black,2
Anderson .Paak,-0.07233108122782611,0.13252830497019244,0.07957052037965041,Anderson .Paak,18
Silk Sonic,-0.0784905810701594,0.1320935639777,0.07757599814471611,Silk Sonic,18
Lady Gaga,-0.10254977613666007,0.11720605859769392,0.0748354728243427,Lady Gaga,11
Alan Walker,-0.051299550894786,0.05840909968705022,0.13950576552883293,Alan Walker,6
Damian Marley,-0.08940835544648845,0.17995161265632567,0.09389775770566991,Damian Marley,1
R3HAB,0.0027741482838960496,0.06253211702070834,0.1282471474196973,R3HAB,5
Lewis Capaldi,-0.08632784939957568,-0.03240525810747074,-0.36411474346804235,Lewis Capaldi,4
Jessie Reyez,-0.0701691397083474,-0.00599527607886352,-0.23776790914333404,Jessie Reyez,5
Future Humans,-0.09675274435850481,-0.03488359391749796,-0.42894149809901194,Future Humans,1
Steve Void,-0.10331188496878341,-0.050431179671695546,-0.42503419120555114,Steve Void,1
Madism,-0.08610136299323182,-0.04886417362301105,-0.4276896230131196,Madism,1
Taylor Swift,-0.06021993185999861,0.11804699016004559,-0.1137995949683644,Taylor Swift,4
Post Malone,-0.06860137502935419,0.0792458777413,-0.04570001483478805,Post Malone,4
Bon Iver,-0.0970443935929599,0.17620525231727374,-0.15336545596441847,Bon Iver,1
Dua Lipa,-0.033053154053539084,-0.11726972893220049,-0.05599073603436527,Dua Lipa,22
DaBaby,-0.04901939161075364,-0.15190510638690122,-0.07973659678672633,DaBaby,2
Elton John,-0.016899226927966096,-0.12579022457266154,-0.0192271741482648,Elton John,12
PNAU,0.017511336940041006,-0.05474538505477354,0.02823013722850862,PNAU,5
Troye Sivan,0.027778710435929808,-0.05602604345651419,-0.0386042808593979,Troye Sivan,23
JENNIE,-0.08361892770987633,-0.15640175339041237,-0.09271968828627838,JENNIE,1
BLACKPINK,-0.07120625552310982,-0.1792371725394943,-0.07186075967051148,BLACKPINK,1
Pierre de Maere,-0.06874618780557162,-0.1654651737377332,-0.10072475698720593,Pierre de Maere,1
Megan Thee Stallion,-0.08762431223465965,-0.1637001680103254,-0.07179479332715691,Megan Thee Stallion,1
Angèle,-0.06173794364027115,-0.14688752184905576,-0.0729551180655376,Angèle,2
Adam Port,0.00148005655467984,-0.02471046283777926,-0.14180767002196307,Adam Port,6
Chris Stapleton,-0.05434922198667659,-0.1724937046005581,-0.10091510207228643,Chris Stapleton,1
Imanbek,-0.04928870918941716,-0.18251770441979864,-0.08805735066363318,Imanbek,1
Claptone,-0.007919428860269875,-0.05346049708079539,0.04382854912959347,Claptone,3
PS1,-0.039247635730524574,-0.16093508284362973,-0.04549887852241934,PS1,2
Miguel,-0.07842950683865055,-0.17154265071807467,-0.08469138337892936,Miguel,1
Olivia Rodrigo,0.9331514613061732,0.4411501165490268,0.2135970667184824,Olivia Rodrigo,0
The Weeknd,-0.03550079446302611,0.12099822103391437,-0.06278549232728188,The Weeknd,18
Playboi Carti,0.0025468193980571012,0.10232774229641799,-0.1235760874811165,Playboi Carti,3
Daft Punk,-0.03661284840179704,0.17249528772224867,-0.06743618800546294,Daft Punk,2
Anitta,-0.045592318122882135,0.1957861314799527,-0.08863149479659564,Anitta,1
Gesaffelstein,-0.07676552731024051,0.14765592972375322,0.009972548280769237,Gesaffelstein,2
Lana Del Rey,-0.09137460333505486,0.18596351960451746,-0.04432849598695404,Lana Del Rey,7
Travis Scott,-0.07795958515386794,0.11890898411928195,-0.05159313806661458,Travis Scott,6
Florence + The Machine,-0.07118979815856417,0.16799054825368717,-0.06122817147789194,Florence + The Machine,2
Justice,-0.03191933088754275,0.199735273300496,-0.07260334429322589,Justice,1
Future,-0.0696236109286512,0.10248575736438682,-0.09061650783858759,Future,2
Ariana Grande,-0.014144317294016903,0.056965987578871884,-0.13956910967727018,Ariana Grande,24
Kendrick Lamar,-0.06802853962132584,0.06979849058989533,-0.011933552089613995,Kendrick Lamar,2
Giorgio Moroder,-0.05365200808070956,0.19720302968872563,-0.07395141954448493,Giorgio Moroder,1
LISA,0.08290334116514299,0.037069416212248685,0.05552578887414173,LISA,4
Doja Cat,0.0227379430795455,0.05687099178588759,0.023417002606999974,Doja Cat,22
RAYE,0.13146506737882704,0.007782829605707327,0.09348430979950297,RAYE,38
SZA,-0.03523299860006246,0.07449985901615605,-0.03003061282524803,SZA,6
Jack Harlow,0.07221456665005509,0.09737381981897546,0.01444659098351418,Jack Harlow,1
Konshens,0.05714359353296525,0.11120141002157535,0.04041271368344525,Konshens,1
Rico Nasty,0.06938653368596549,0.10597755524209876,0.02902461615739123,Rico Nasty,1
Tyga,0.01915399391499062,0.06615229835631173,0.09373779063375483,Tyga,4
Saweetie,0.03933996093426094,0.11899132534027111,0.04159321791886106,Saweetie,1
Smino,0.05690311762994233,0.11207472704072752,0.014489194586056204,Smino,1
JID,0.04837726392061343,0.12162861762433354,0.026313062365842427,JID,1
21 Savage,-0.053183469766891575,0.0795339286853653,-0.04389378755049303,21 Savage,4
Zedd,-0.002161019774709121,0.09965233385570783,-0.15172352337643505,Zedd,2
Justin Bieber,-0.03103030388258974,0.09643747344071447,-0.07043625898230235,Justin Bieber,26
Cynthia Erivo,-0.009921275423450435,0.07013402001628467,-0.19921804717190472,Cynthia Erivo,7
Iggy Azalea,-0.010000471164614706,0.047808442905541516,-0.21735177328223446,Iggy Azalea,1
Wicked Movie Cast,-0.03060874025686818,0.07523601053854918,-0.2143269866181756,Wicked Movie Cast,6
Andy Nyman,-0.027948265075826116,0.08860624874700676,-0.20970247769073747,Andy Nyman,6
Courtney-Mae Briggs,-0.03572879686865165,0.0877479864657284,-0.2025186979832309,Courtney-Mae Briggs,6
Jeff Goldblum,-0.03674217747537875,0.08430222026945174,-0.21565686297702025,Jeff Goldblum,6
Sharon D. Clarke,-0.04013659437156028,0.07165135328297596,-0.20929084836605558,Sharon D. Clarke,6
Jenna Boyd,-0.04460728265424654,0.08265166702693899,-0.20661251479393125,Jenna Boyd,6
Michelle Yeoh,-0.007676778049778761,0.0913185097908538,-0.276696548165756,Michelle Yeoh,1
Jonathan Bailey,-0.011081529411337618,0.06886776784355755,-0.21438332020218387,Jonathan Bailey,4
Ethan Slater,-0.005541961304690035,0.08286563479895198,-0.2097043081000109,Ethan Slater,4
Marissa Bode,0.0004285198699178769,0.0681338622595131,-0.2121485000280626,Marissa Bode,4
Nonna,-0.02935429956210238,0.04778342992037741,-0.21454658869781726,Nonna,1
Billie Eilish,0.01153006366299943,-0.0783071513175085,-0.1741844395697705,Billie Eilish,3
Charli xcx,0.0038947362973358176,-0.05422814253370354,-0.1495131868978437,Charli xcx,23
Ed Sheeran,-0.028837464446648576,0.07564841514763966,-0.11887849734306845,Ed Sheeran,13
Camila Cabello,0.015024607935845084,0.05673837494928138,-0.14756928933211752,Camila Cabello,37
Khalid,-0.006298208934834588,0.01937897751592188,0.0033002960834057115,Khalid,3
Luke Combs,-0.03785070442161914,0.13414750195936068,-0.17002326584141217,Luke Combs,1
Stormzy,-0.052008520807649984,0.12482873460543877,-0.173793315769521,Stormzy,1
Chance the Rapper,-0.02945532235803892,0.11671535410051195,-0.10410978399859254,Chance the Rapper,5
PnB Rock,-0.03270027268255919,0.13379063766020238,-0.14224972114926507,PnB Rock,2
Drake,-0.0960491690941357,0.0842285573244719,-0.08284388389011271,Drake,42
PARTYNEXTDOOR,-0.11571410714706315,0.08763188664514515,-0.10156184472255474,PARTYNEXTDOOR,9
Yebba,-0.1128273667153865,0.05726997370615792,-0.12910134416622124,Yebba,4
Wizkid,-0.158930850845762,0.10659375134605835,-0.11899795745566621,Wizkid,2
Kyla,-0.1617094952062825,0.09320026333634802,-0.11397314990097447,Kyla,2
Chris Brown,-0.09983667402126031,0.08417889452730143,-0.05554076788245772,Chris Brown,12
GIVĒON,-0.07238904607146679,0.13310712768945912,-0.0942663185159108,GIVĒON,3
Rihanna,-0.06927626433230046,0.04457044839049564,-0.07830002409000797,Rihanna,17
Pimmie,-0.13740651173021778,0.11397622896675584,-0.11576763913909016,Pimmie,2
Yeat,-0.15001243575176812,0.09162111248020849,-0.13030565781929918,Yeat,1
Majid Jordan,-0.16026091739519385,0.1174742533374794,-0.10348119593988558,Majid Jordan,1
Lil Durk,-0.14659639049266074,0.1356134614525919,-0.1117573566386462,Lil Durk,1
Lil Baby,-0.1446458893041439,0.12037405948541155,-0.12958872989098819,Lil Baby,1
J. Cole,-0.14200097376081025,0.09769239071259009,-0.06722243323212929,J. Cole,2
Lil Wayne,-0.11412457348267012,0.08127458136985312,-0.05910889414285938,Lil Wayne,11
Harry Styles,0.47328697908777245,-0.16184112198204972,-0.8699270359757705,Harry Styles,0
Stevie Nicks,-0.013216585146719926,-0.21355476465418266,-0.04889134516932069,Stevie Nicks,1
Pharrell Williams,0.027064312188797623,-0.014891022893576718,-0.13096574770487396,Pharrell Williams,5
Brandi Carlile,-0.01916910387743706,-0.21113336448878858,-0.0649621574956726,Brandi Carlile,1
WATT,-0.003911432607778183,-0.17643232680931023,-0.03340010975987882,WATT,5
Yo-Yo Ma,-0.02160571498064563,-0.17799264965990025,-0.029130982909983737,Yo-Yo Ma,5
Robert Trujillo,-0.011123416645706532,-0.17771510261817497,-0.024288788113565538,Robert Trujillo,5
Chad Smith,-0.014492007348764725,-0.17696387397435975,-0.03857245019424465,Chad Smith,5
French Montana,-0.007690547597330566,-0.20530296164072762,-0.07656640467335468,French Montana,1
Billy Idol,0.006752909992851299,-0.20468611525925937,-0.06696696266059572,Billy Idol,1
Sia,0.00558764269376266,-0.2089139542892578,-0.04967656129065739,Sia,1
070 Shake,0.16523239251626462,0.010647858726017144,0.09516378735910332,070 Shake,4
cassö,0.12782206962406784,0.0069544726463861275,0.12461163245913691,cassö,11
Valexus,0.1656268708862933,0.004581278785778093,0.12989182570511043,Valexus,3
D-Block Europe,0.1271968437643936,0.0005217757049598566,0.12313177172177517,D-Block Europe,11
Central Cee,0.23343844165617758,-0.053495059963715015,-0.025994945401242368,Central Cee,3
Disclosure,0.2014725692067892,0.022167782289783763,0.12033195245648107,Disclosure,1
Mahalia,0.19945779700458374,-0.01538044425410398,0.11761783919101053,Mahalia,1
Da Beatfreakz,0.20643648004064724,0.01074229982229478,0.10058466901692231,Da Beatfreakz,3
Russ Millions,0.2053041513063023,-0.0010275475300172469,0.10746037848113103,Russ Millions,3
wewantwraiths,0.20510427274394027,-0.000974013305220459,0.09411495007811724,wewantwraiths,3
David Guetta,0.05364931367996118,0.002238484742874872,0.14542185821908982,David Guetta,55
Hypaton,0.12045082101568509,0.002422362564890567,0.13981847484603555,Hypaton,4
Riton,0.2002305570471752,0.0036778444483869083,0.1278009254499201,Riton,1
Coi Leray,0.06264058602190443,-0.03074856420669005,0.14530058617529062,Coi Leray,5
The Heritage Orchestra,0.1565798766643297,0.002586573894222666,0.09740796177166461,The Heritage Orchestra,6
MORTEN,0.12128810070577972,-0.0010572699090999104,0.15177097972427694,MORTEN,2
Joel Corry,0.11852643667029414,-0.012025769028355858,0.14494848347279027,Joel Corry,2
Hans Zimmer,0.20314696248126476,0.02799365476447625,0.09999283102970277,Hans Zimmer,1
Tate McRae,0.06457502766275916,0.0023406152403010055,0.021898180624419842,Tate McRae,11
Flo Milli,0.12764793748971948,-0.016497406530181946,0.011493828226265015,Flo Milli,1
Tiësto,0.08185561157272954,0.07089769047849602,0.1497743678675739,Tiësto,9
The Kid LAROI,0.03450922971532301,0.044801671946786005,-0.020099405637438113,The Kid LAROI,3
Regard,0.06595599282124914,-0.019084941720241364,0.005771806164363868,Regard,7
Martin Garrix,0.06139767149716456,-0.08883783174149576,0.046658555502842085,Martin Garrix,2
xxtristanxo,0.08080204931371564,-0.0968490576475671,-0.0517428326222407,xxtristanxo,2
Slowed Radio,0.08059662412003472,-0.09140069727820338,-0.06398549599649152,Slowed Radio,2
Allday,0.07001816540692479,-0.1092806281510709,-0.0643140275447234,Allday,1
Alex Hope,0.06706845209252364,-0.11102345580932195,-0.04799479368794348,Alex Hope,1
Topic,0.11098535804244483,0.04623449179386519,0.08079599237301026,Topic,9
Alessia Cara,-0.021678887230860883,-0.13069376217555187,0.00018885203625377539,Alessia Cara,2
Betty Who,0.06125417225749153,-0.10176712326444604,-0.07184552745975037,Betty Who,1
Lorde,0.008819181966948586,-0.0767482062060872,-0.19012587087037094,Lorde,2
cupcakKe,0.02502440322207126,-0.08831367747618614,-0.18431029373205707,cupcakKe,5
Sam Smith,-0.09559693962248898,-0.0017873873923676762,-0.17287156469923312,Sam Smith,20
Big Freedia,0.03136157707408299,-0.09675906458690584,-0.2033075678390655,Big Freedia,4
Brooke Candy,0.038325119241189455,-0.10095460719129344,-0.19442519392923766,Brooke Candy,4
Pabllo Vittar,0.02553878778722167,-0.10606926174137812,-0.19516827521864416,Pabllo Vittar,4
Addison Rae,0.004050330270330254,-0.09199960319494405,-0.21562732181836441,Addison Rae,2
A. G. Cook,0.011755693796180326,-0.10216057324689011,-0.21020714197773546,A. G. Cook,2
Rina Sawayama,-0.005277286955821067,-0.10418324400291896,-0.2041464953424141,Rina Sawayama,1
Kesha,0.016852666268560662,-0.08032885516654756,-0.2199485966858717,Kesha,1
Bb trickz,0.03953672187814264,-0.08187095666770902,-0.21068118454568693,Bb trickz,1
Sabrina Carpenter,-0.11122921454914575,-0.0016909688173759822,0.10966702363761911,Sabrina Carpenter,8
Farruko,-0.10697186370932649,0.036102911385053005,0.15795558129090298,Farruko,2
Dolly Parton,-0.12828476834913746,-0.0014487904226975158,0.07686434376008494,Dolly Parton,2
Charlie Puth,-0.17739078334702965,-0.05198193027489932,0.05110054258120488,Charlie Puth,24
Dan + Shay,-0.16090566962027802,-0.03149610886652791,0.08720722641089199,Dan + Shay,5
Lil Uzi Vert,-0.16738528542851874,0.11452486952115552,-0.04035963304178201,Lil Uzi Vert,1
Beyoncé,-0.0816197419321699,0.001551104352535634,0.024203736325622248,Beyoncé,25
2 Chainz,-0.16194292633716517,0.11832825190790942,-0.02485473747941511,2 Chainz,1
Eminem,-0.17519395304256896,0.098374130623704,-0.04501266966225701,Eminem,1
Jeremih,-0.17734559115323525,0.08646415849223274,-0.032735854868460666,Jeremih,1
Juice WRLD,-0.010328265215012988,0.07202104269360882,-0.12106911122861728,Juice WRLD,2
will.i.am,-0.1710636504639244,0.10150836322713239,-0.021068801890018096,will.i.am,1
PinkPantheress,0.2929637113230635,-0.09368357078181318,-0.1126122988446143,PinkPantheress,14
Ice Spice,0.3270522629309779,-0.13876922879945955,-0.1326676014546444,Ice Spice,5
Cash Cobain,0.3691814587107849,-0.1815574691202254,-0.15419725840586665,Cash Cobain,2
Bay Swag,0.37711379298579606,-0.17218784585586738,-0.15613366132362963,Bay Swag,2
JAY-Z,-0.08178475964198509,0.017722045665784593,-0.020439020680900685,JAY-Z,6
Calvin Harris,-0.011228600908172365,0.028598821468220837,-0.13722035113005748,Calvin Harris,10
Paul McCartney,-0.11320854013947358,0.02846956999618474,-0.05262999272654716,Paul McCartney,2
Mikky Ekko,-0.07923727516508881,0.005822343069745857,-0.12034884306234614,Mikky Ekko,1
Ne-Yo,-0.0931592341099099,0.0008408859846832056,-0.11491350504845452,Ne-Yo,1
Selena Gomez,-0.13340059152780526,-0.04075621205801752,-0.0013944229100599206,Selena Gomez,27
A$AP Rocky,-0.13442570880561297,-0.03341571935928378,-0.09807234101572467,A$AP Rocky,2
benny blanco,-0.12844765210119852,-0.03618596516415845,-0.02508278494042855,benny blanco,17
J Balvin,-0.12699996853673073,-0.035206067719478554,-0.04597832716134008,J Balvin,6
Tainy,-0.08834735803995107,-0.011379551207687577,-0.06708572248799224,Tainy,8
Ludacris,-0.007015557902147302,0.16550991124897318,-0.0840213093338811,Ludacris,1
Daniel Caesar,-0.051417021496463905,0.15774798687724353,-0.09946933302723518,Daniel Caesar,2
Jaden,-0.019008343624176166,0.1663991753431661,-0.09608199073715326,Jaden,1
Quavo,-0.015443388983500545,0.10809662463105235,0.009795504951696591,Quavo,4
Big Sean,0.04889696907937425,0.08422423956874957,-0.060287198774354296,Big Sean,4
Shawn Mendes,-0.005322778223899609,0.08056573754290978,-0.10223982925686004,Shawn Mendes,11
Clever,-0.061380800742351756,0.13003130763736803,-0.05972923056701285,Clever,2
Bradley Cooper,-0.12807839454040498,0.14892981729833768,0.10491104486421846,Bradley Cooper,2
Colby O'Donis,-0.13682933392317187,0.1628859940654767,0.1247430650825519,Colby O'Donis,1
Christina Aguilera,-0.14289715971390907,0.1692271512966864,0.11224913111806946,Christina Aguilera,1
Normani,-0.1476505717825103,-0.002495122747158706,-0.22516387941683408,Normani,1
Burna Boy,-0.1359952259766038,0.007232292218255764,-0.2351066018997691,Burna Boy,1
Aitana,-0.12410317078458118,-0.0023607751346452262,-0.24296682358267893,Aitana,1
Alicia Keys,-0.13722743070629703,-0.013635588549732599,-0.23454658716044216,Alicia Keys,1
Labrinth,-0.13644852234333674,-0.03380910725917789,-0.22459580848327368,Labrinth,1
Felix Jaehn,-0.12346012742637477,-0.021103681978665308,-0.24096432275877996,Felix Jaehn,1
Original Koffee,-0.10045164764369643,-0.01373734566328962,-0.24270794843439927,Original Koffee,2
TAEYEON,-0.12231221861770533,-0.0355321754908106,-0.23320760830112963,TAEYEON,1
Hikaru Utada,-0.14697744669786086,-0.0209009981734967,-0.22101869352216524,Hikaru Utada,1
Shakira,-0.12025800611569394,-0.04534099117765977,0.06731221718259599,Shakira,1
Sean Paul,-0.032484857858112184,-0.03112760820204303,0.11214050039254818,Sean Paul,3
BEAM,-0.09864156150184862,-0.05002906410187349,0.07477658128238779,BEAM,1
Shaboozey,-0.10392667664307488,-0.02600799228335163,0.04937764523617681,Shaboozey,3
Linda Martell,-0.0996090390411944,-0.045095726929384405,0.06015255768460377,Linda Martell,2
Tanner Adell,-0.049536589578723714,-0.028794006003535915,0.10981362127219693,Tanner Adell,6
Brittney Spencer,-0.0924353155665826,-0.016085026300015022,0.08938574766438499,Brittney Spencer,4
Tiera Kennedy,-0.08906672339827057,-0.02630911888509975,0.08585627433116806,Tiera Kennedy,4
Reyna Roberts,-0.08315259478796694,-0.01662017110004808,0.08439185290933067,Reyna Roberts,4
Shatta Wale,-0.06720901810085443,-0.0063083545473251535,-0.019283415636043695,Shatta Wale,2
Major Lazer,-0.03782563896155636,0.019377267835170554,-0.059678608453180806,Major Lazer,3
Chimamanda Ngozi Adichie,-0.10634445536833569,-0.058735012418074585,0.055274111010275205,Chimamanda Ngozi Adichie,1
Young Thug,0.032655061565755254,0.11696572643199885,-0.1937142994497537,Young Thug,1
Stryv,0.02703328342239336,0.008610669508125581,-0.17606849453182216,Stryv,5
Keinemusik,0.01592448201820026,0.012216687368088593,-0.17865090353288948,Keinemusik,5
Malachiii,0.02226050545813182,0.0035508071215116354,-0.18222919368027962,Malachiii,5
Orso,0.011404535737515388,0.006217061749481336,-0.18356348805672434,Orso,5
Bazzi,0.03902265223205494,0.08155154075023217,-0.2194379315088594,Bazzi,1
Daddy Yankee,0.026559358229028798,0.09576091212186295,-0.21540564526199,Daddy Yankee,1
Lil Nas X,0.047128611618986536,0.1159646793099251,-0.18521195533417834,Lil Nas X,1
Alejandro Sanz,0.023544947275637374,0.10973334461382823,-0.2048983319623394,Alejandro Sanz,1
Maria Becerra,0.04557690747505739,0.06628498839722992,-0.22081377364685725,Maria Becerra,1
JT,0.05649968092279903,0.10275728773282058,-0.1922791802616115,JT,2
Yung Miami,0.06391046626107538,0.10230904648805327,-0.18173362652495073,Yung Miami,2
Eem Triplin,0.04294975931274015,0.10001928191370746,-0.2075595843068236,Eem Triplin,1
WILLOW,0.16077407770225005,-0.018754575620206836,-0.13794689098034485,WILLOW,2
Myke Towers,-0.04355522652329551,0.01654234081104897,-0.12604526870238283,Myke Towers,2
Mark Ronson,0.057913366714127584,0.08817043141923411,-0.20451532076527462,Mark Ronson,1
Anna Kendrick,0.05906217167684,0.048118294738475134,-0.19795050084679985,Anna Kendrick,5
Justin Timberlake,0.046761716577582345,0.03834848373306204,-0.17165062702153486,Justin Timberlake,8
Eric Andre,0.06588070002633611,0.05413999292743172,-0.1886398944965812,Eric Andre,5
Daveed Diggs,0.06096818620779995,0.06387725045482312,-0.18912159997551117,Daveed Diggs,5
Kid Cudi,0.05448298144630394,0.05762723726077155,-0.19850840273488707,Kid Cudi,5
Camilo,0.013013798213713606,0.14488558219233394,-0.13638235060395437,Camilo,1
The Chainsmokers,0.12628821822485709,0.10232876283795979,-0.24919330629713793,The Chainsmokers,1
Halsey,0.08194999291949578,0.06365037410943687,-0.19748002733102793,Halsey,11
SUGA,0.13059141633303248,0.07411176605251914,-0.2568427930244226,SUGA,1
Lauren Jauregui,0.12239577249168794,0.089003710900451,-0.2592848472480479,Lauren Jauregui,1
ARTY,0.13878580838391696,0.09571045246394964,-0.24052768499389246,ARTY,1
Audien,0.1417191231153834,0.07919971931876668,-0.24452937789359852,Audien,1
ILLENIUM,0.11953632424289533,0.07891344923125351,-0.22982687529792817,ILLENIUM,2
Zara Larsson,0.012060363220715927,0.042243744171230925,0.166748999525182,Zara Larsson,13
Clean Bandit,0.014237955830224835,-0.025544551762936133,0.1525678390805567,Clean Bandit,16
Alesso,0.08751318047266965,0.10808655203104814,0.21489244425300885,Alesso,2
MNEK,-0.005110288604326928,0.0702982587128468,0.23720349107555946,MNEK,1
Kygo,0.012943585795893293,0.08013781372306346,0.15403703261390073,Kygo,3
Ty Dolla $ign,0.046646569634563706,0.03536935709017117,0.1758275469637079,Ty Dolla $ign,4
Don Diablo,0.006025022480656182,0.055156642580426844,0.24254155521587434,Don Diablo,1
Alok,0.08215242029578362,0.027250179504144014,0.10575586543347214,Alok,13
Gorgon City,-0.012418593915167636,0.05682019919287029,0.2369004120114655,Gorgon City,1
Bleachers,-0.1520389152300054,0.23047703374260034,-0.05763972240011219,Bleachers,1
Father John Misty,-0.14454904675557267,0.23973478348549895,-0.04496689032790989,Father John Misty,1
SYML,-0.13936197561642835,0.2406481085528767,-0.06576991392057834,SYML,1
Tommy Genesis,-0.13121777371220297,0.24904982364026232,-0.05183066421556284,Tommy Genesis,1
Conan Gray,-0.10058134753251348,-0.21588639837312829,0.04582680297408861,Conan Gray,2
Lauv,-0.0833648983443595,-0.1751717131836552,0.0379562821289375,Lauv,16
Kehlani,-0.2483499749801998,-0.06720816772732538,0.05653840667143538,Kehlani,1
Stray Kids,-0.24327643864263757,-0.08080940122306551,0.07034354154278159,Stray Kids,1
Wale,-0.23991841449991888,-0.06709866520859807,0.08669765859778385,Wale,1
Wiz Khalifa,-0.0776034826056719,-0.07485963089237495,0.0893002065317359,Wiz Khalifa,3
Sasha Alex Sloan,-0.24675834161647028,-0.06038946116750488,0.07265115369820739,Sasha Alex Sloan,1
blackbear,-0.23565194411401655,-0.09386130732452787,0.06150312836670289,blackbear,1
DROELOE,-0.18980803203251195,-0.06882766580697644,0.015840514011598816,DROELOE,2
Jung Kook,-0.19352461093516243,-0.11659645717880943,0.05549732652127189,Jung Kook,2
BTS,-0.14411587536524453,-0.13737136295580654,0.047909828825751025,BTS,4
Boyz II Men,-0.23442911402527294,-0.08439534236975875,0.08439906972528845,Boyz II Men,1
James Taylor,-0.2436620032431194,-0.08263776724787203,0.04985935687648409,James Taylor,1
Mr. Collipark,-0.19445507408636176,-0.05800787555342608,0.01649284640798877,Mr. Collipark,2
Anne-Marie,0.006713442155589373,-0.0630321468566835,0.16457693675538906,Anne-Marie,45
Shania Twain,-0.0016127478522761512,-0.07514560882301768,0.19993513178729416,Shania Twain,4
Niall Horan,-0.015112885721330531,-0.07917739162004414,0.21944942400511744,Niall Horan,6
Aitch,0.014672998286599792,-0.08737335597672408,0.20047113076981357,Aitch,2
Little Mix,0.0006337875790824729,-0.09736996777894616,0.19280378953519453,Little Mix,2
NEIKED,0.005973892991200201,-0.07387754729798705,0.23898628673316974,NEIKED,2
Latto,0.01856405693014988,-0.07920960346744187,0.235717385918789,Latto,2
KSI,-0.021034717770754347,-0.10678942625891924,0.21579310233054427,KSI,2
Digital Farm Animals,-0.024903562482198424,-0.09511920292387031,0.22376602672293364,Digital Farm Animals,2
SEVENTEEN,0.013920985308607678,-0.11726349065071293,0.21078273171190517,SEVENTEEN,1
MINNIE,0.006258196199109301,-0.12461254612391529,0.24054303609570457,MINNIE,2
(G)I-DLE,0.00902872489812401,-0.16452829301613825,0.2861953365752407,(G)I-DLE,12
Nicholas Galitzine,0.02930090712273536,-0.09743951884660348,0.22451638029258786,Nicholas Galitzine,1
Diljit Dosanjh,0.008480399130760628,-0.0988152150883215,0.2292407219099329,Diljit Dosanjh,2
Intense,-0.002146103317859628,-0.10631997273495995,0.22302886416376336,Intense,2
ALTÉGO,-0.006487098484146982,-0.07772950174980017,0.22777407489659732,ALTÉGO,2
Ruger,0.03206535271486572,-0.034874206774170066,0.18261795031524006,Ruger,3
Ashe,-0.04433664972455856,-0.10106275305559724,0.282130984954803,Ashe,1
Maren Morris,-0.03052518354886197,-0.09720298001435931,0.2897832455970058,Maren Morris,1
Madison Beer,0.02640979044594601,-0.19877436436269771,0.31355023014780636,Madison Beer,14
K/DA,0.004418722514254135,-0.19155151287221026,0.32295098739759637,K/DA,10
Jaira Burns,0.01266643055063593,-0.1909198646359833,0.32515469563988747,Jaira Burns,10
League of Legends,0.007924376678202314,-0.1983480848302233,0.31887471930107564,League of Legends,10
Lexie Liu,0.0122080317641286,-0.20174762468000593,0.3380026260624768,Lexie Liu,6
Seraphine,0.0022408402783467593,-0.20438931562955048,0.33258925744792833,Seraphine,6
Offset,0.026160810113587292,-0.24058677656406927,0.3675331529206444,Offset,1
Jax Jones,0.059847731586552974,-0.16877060460531385,0.24848179895899236,Jax Jones,4
Martin Solveig,0.06132845516049035,-0.205128927800158,0.3062064902175761,Martin Solveig,3
Europa,0.05798340110532385,-0.21281529588122983,0.2998812321750397,Europa,3
Alphaville,0.03652592153257598,0.025159929825894337,0.17615081980141772,Alphaville,4
Ava Max,0.021810019208943515,0.050878213983299544,0.1553287138940871,Ava Max,19
AJ Mitchell,0.02133506282398297,0.07871568508828335,0.2255612677917467,AJ Mitchell,1
ENHYPEN,0.009073708310348557,0.10233218331366183,0.2096977915476426,ENHYPEN,1
Pablo Alborán,0.022851378852129848,0.09423348738925412,0.21766084659405477,Pablo Alborán,1
Jonas Blue,0.003533390178915408,0.08706904790057995,0.21807572350935753,Jonas Blue,1
Da Tweekaz,-0.029165947454303325,0.07511601369734819,0.18322574542025713,Da Tweekaz,2
Robin Schulz,0.052480907725998734,0.09265766106940038,0.18753044554758427,Robin Schulz,2
Lauren Spencer Smith,0.9445255962192425,-0.024396855370815037,0.03903658784541083,Lauren Spencer Smith,2
GAYLE,0.9441500132247598,-0.030278560514776266,0.023447898386306076,GAYLE,2
Em Beihold,0.9256028511498771,-0.02678544734273303,0.0311564867266579,Em Beihold,2
Sam Gellaitry,0.3488314048194031,-0.09753389308738102,-0.14607954307480508,Sam Gellaitry,1
LE SSERAFIM,0.3538736976817742,-0.11234383331419809,-0.13205946975328517,LE SSERAFIM,1
Rema,0.3454346712226146,-0.12934053821381136,-0.11722612988757564,Rema,1
Shygirl,0.34186193271707904,-0.12474923059850829,-0.13911720661157762,Shygirl,3
Club Shy,0.3393125381555701,-0.1151765328948432,-0.14992682685338252,Club Shy,3
Isabella Lovestory,0.3320396527738857,-0.1263714742879307,-0.14842610807105208,Isabella Lovestory,3
Destroy Lonely,0.35527603234588856,-0.11196512285824112,-0.11443592547932781,Destroy Lonely,1
Kelela,0.35688492990063714,-0.09544983975986035,-0.1278058986477084,Kelela,1
Bebe Rexha,0.05673569676098394,0.0383869391575592,0.1295658780150136,Bebe Rexha,45
Florida Georgia Line,0.07495917438723232,0.09286286202560551,0.17271572927207854,Florida Georgia Line,1
Loud Luxury,0.09189262091732511,0.0834492797846972,0.17601206721952212,Loud Luxury,2
Two Friends,0.08944173822974702,0.07448152712161979,0.18542003027659779,Two Friends,2
Nathan Dawe,0.09751994423212838,0.049532403957885746,0.19430113005864932,Nathan Dawe,1
A Boogie Wit da Hoodie,0.06081190061909541,0.027665163960200936,0.18288199927324977,A Boogie Wit da Hoodie,3
Ben Nicky,0.11673025478927683,0.08433131898436136,0.16274939366024085,Ben Nicky,5
Dr Phunk,0.10445108501897539,0.05642337115909031,0.1442518959806124,Dr Phunk,4
Dimitri Vegas & Like Mike,0.10154723907737939,0.06371680322442574,0.14001253629344157,Dimitri Vegas & Like Mike,4
Oliver Heldens,0.08072349503654636,0.01287357768543075,0.17441245814641232,Oliver Heldens,2
DJs From Mars,0.07490127629905591,0.03098469146670942,0.17717000598667149,DJs From Mars,2
Masked Wolf,0.0702371625795282,0.07158161131768961,0.19407783968712,Masked Wolf,1
FRDY,0.11150984265020075,0.06595512514449688,0.1190691979699729,FRDY,2
Tory Lanez,0.10693864848412342,0.06063813205316799,0.1808323868258205,Tory Lanez,1
Ozuna,0.045275465306742875,-0.017317339086474023,0.08478183422806898,Ozuna,2
Travis Barker,0.07928690294913164,0.055605557672889085,0.20101417986924322,Travis Barker,1
Cedric Gervais,0.08574702685832197,0.02411420037759187,0.17009292328266257,Cedric Gervais,2
Gabry Ponte,0.06935446167945344,0.015174128150882695,0.18330429169648552,Gabry Ponte,2
Ellie Goulding,0.11173005068604193,0.05688405012205191,-0.041973253047396734,Ellie Goulding,12
Anyma,0.15350893109136302,0.06394527639627598,-0.05608135952506965,Anyma,4
Sigala,0.12243497758726384,0.04878859878528931,0.03294729004292801,Sigala,2
Speed Radio,0.18531673071032037,0.08121627079631014,-0.05921066636726533,Speed Radio,1
John Summit,0.17472749508397598,0.0740711997768079,-0.0646188921509875,John Summit,2
southstar,0.18142865429886054,0.06729334957107293,-0.07600805306448956,southstar,1
Four Tet,0.1868989140380257,0.05931159619073055,-0.06106047211947229,Four Tet,1
HUGEL,0.17890644226675004,0.07557883561228176,0.0836314819092387,HUGEL,3
Arash,0.17241044203435504,0.08662181743120585,0.08970903828313376,Arash,3
Daecolm,0.1772780607740083,0.07621236876277675,0.09685686243695024,Daecolm,3
LANY,-0.10979018914103289,-0.2447750230055401,0.03757618678592962,LANY,1
LAY,-0.12328881241590851,-0.23177681618613347,0.06044960084867365,LAY,1
Jeremy Zucker,-0.09158156605413714,-0.24703649695471624,0.04284966299796364,Jeremy Zucker,2
Alexander 23,-0.09551298037677969,-0.24458264222719747,0.055525168447150046,Alexander 23,2
Bella Poarch,-0.09961113930851656,-0.24477887258475284,0.023596066555308957,Bella Poarch,1
Miquela,-0.10961725675885721,-0.2395403392530905,0.0616628281439895,Miquela,1
TWICE,-0.12004192399426056,-0.23718214755646114,0.026425821161710022,TWICE,1
Ryan Riback,-0.12680253634530123,-0.23370280563047077,0.04268615832466148,Ryan Riback,1
Becky Hill,0.16527843280826143,0.1530987713058383,0.22444555026389043,Becky Hill,29
Chase & Status,0.13934007795495168,0.12961297218947654,0.20415215591106733,Chase & Status,4
Andy C,0.17475341223148091,0.17113262396065493,0.24923362065815297,Andy C,5
Sonny Fodera,0.18635760241254598,0.18776084813334537,0.24114025430689778,Sonny Fodera,2
Lewis Thompson,0.20014670095654832,0.17345426792687066,0.24390431168846333,Lewis Thompson,2
Zerb,0.2240154134524961,0.18322160241138924,0.256163824276776,Zerb,1
Shift K3Y,0.2106827772711542,0.19576039977402437,0.2652259975334204,Shift K3Y,1
SHY FX,0.1827254176394906,0.21494266066125897,0.2535579411150726,SHY FX,2
Mr. Williamz,0.19607401646419895,0.21271291656789834,0.24849891081215836,Mr. Williamz,2
Self Esteem,0.1891629994993906,0.1674009047534312,0.25898245438710543,Self Esteem,2
Skepsis,0.18404157570551544,0.19582681771640262,0.2824293332985848,Skepsis,1
Songer,0.21438376526500114,0.20119890934308335,0.2463047481665552,Songer,1
220 KID,0.1697562847601748,0.20258254582496396,0.2752256583029152,220 KID,1
S1mba,0.20239847330864136,0.16921606182624346,0.28572593664214746,S1mba,1
RILEASA,0.1900732482059268,0.2069914639718094,0.26724159925338664,RILEASA,1
Daire,0.21853790430387277,0.17215482054106163,0.2716518574397984,Daire,1
Alcemist,0.20211614115265816,0.18632549857262745,0.2807112645080689,Alcemist,1
Disrupta,0.181583782933205,0.18068730648331172,0.27611620472221476,Disrupta,2
Tove Lo,0.06948256594363121,-0.08916660664791463,0.13460780158061547,Tove Lo,21
Hippie Sabotage,0.09803516421774916,-0.12268909011944501,0.15052436937582497,Hippie Sabotage,2
SG Lewis,0.08475304891695946,-0.1123206305632899,0.14854200513062604,SG Lewis,6
Ilkay Sencan,0.09948490701866262,-0.040210176270563856,0.13304808529723486,Ilkay Sencan,2
Nelly Furtado,0.09560812447203253,-0.137650534799485,0.16263021846803963,Nelly Furtado,2
ZAAC,0.09730663120448849,-0.13841423194186783,0.1843733837365461,ZAAC,1
Dom Dolla,0.1162979683034185,-0.13376353426327436,0.17522998076751178,Dom Dolla,3
Partiboi69,0.11596734521793484,-0.12243027354158612,0.1826673390763195,Partiboi69,3
X CLUB.,0.12467488948515641,-0.12349063225479316,0.17158327952276692,X CLUB.,3
Channel Tres,0.11231004562100601,-0.1487998913504207,0.15129071263323804,Channel Tres,1
Kylie Minogue,0.12621605841403383,-0.13432019398184633,0.15408011683545156,Kylie Minogue,1
Daye Jack,0.0997842713535609,-0.15215078061867018,0.16702846298466092,Daye Jack,1
